ColumnID,Num_ColumnID,Table_ID,Num_Table_ID,Table_Name,Column_Name
CCBBFD58-B09F-9D27-018F-1839F91A02EC,81,0111310C-88AB-D611-0FCE-1C65F0AB24B5,71,"Carro","Carro_ID",
78C4082F-3AA3-A26D-A483-A8A37C5CCDD0,84,4A969A4F-6BC3-2571-B343-080C7636608D,72,"Cliente","Cliente_ID",
FF272DBD-DBCA-585E-378D-4AB45F21BD3B,93,9705F61E-48B5-B47B-0583-976384226EB5,73,"Forncecimento","Forncecimento_ID",
366447B2-90B6-4496-9A96-37E68064BD2A,95,FA0B8CA5-C8A8-9312-E928-B2D533FD6A68,74,"Forncedor","Fornecedor_ID",
A5112313-56B8-2D66-2D8C-0BC8D30F9ED6,97,6231EC3C-5E26-40C2-DD23-067C2C4FEC58,75,"Localidade","Localidade_ID",
21341C78-7F7F-8E2F-AB70-40583A911ADD,104,4EDE6BE8-06ED-D16E-E4F7-3C626A233D5A,76,"Peças","Peca_ID",
ADEFA542-A294-9F32-F4FC-C3E5E474375A,113,88A9691C-B158-C6C2-00FB-3322ED316E0F,77,"Venda","Venda_ID",
D777FBFF-D240-1856-B386-F6FF447572F4,114,9DE603ED-0764-A57D-1E2B-0E1A5D16E097,78,"Vendedor","Vendedor_ID",
